meanSpeed,meanDistance,meanTemperature,meanVAM
40.513375,3421.5,27.0375,1572.8639600521092
